{
  "方法1-基础规则": {
    "total_steps": 300,
    "successful_steps": 300,
    "elapsed_time": 0.004656791687011719,
    "steps_per_second": 64422.03563383166,
    "word_overlap": {
      "mean": 0.8391587301587302,
      "median": 0.8,
      "stdev": 0.11953508628009975,
      "min": 0.6,
      "max": 1.0
    },
    "length_ratio": {
      "mean": 0.9380000000000001,
      "median": 1.0,
      "stdev": 0.09265319953792951,
      "min": 0.8,
      "max": 1.0
    },
    "keyword_coverage": {
      "mean": 0.5488888888888889,
      "median": 0.6666666666666666,
      "stdev": 0.15960126209985687,
      "min": 0.3333333333333333,
      "max": 0.6666666666666666
    },
    "completeness": {
      "mean": 0.7539999999999999,
      "median": 0.7,
      "stdev": 0.11738795981857714,
      "min": 0.4,
      "max": 0.8499999999999999
    },
    "readability": {
      "mean": 1.0,
      "median": 1.0,
      "stdev": 0.0,
      "min": 1.0,
      "max": 1.0
    },
    "bleu": {
      "mean": 0.8204087301587302,
      "median": 0.8,
      "stdev": 0.15602980144800216,
      "min": 0.375,
      "max": 1.0
    },
    "overall": {
      "mean": 0.7666152777777778,
      "median": 0.7716666666666667,
      "stdev": 0.08037036864762913,
      "min": 0.6145833333333334,
      "max": 0.8791666666666667
    }
  },
  "方法2-增强规则": {
    "total_steps": 300,
    "successful_steps": 300,
    "elapsed_time": 0.006670475006103516,
    "steps_per_second": 44974.30838515977,
    "word_overlap": {
      "mean": 0.8311693121693122,
      "median": 0.8333333333333334,
      "stdev": 0.143064191315612,
      "min": 0.5,
      "max": 1.0
    },
    "length_ratio": {
      "mean": 0.6896666666666667,
      "median": 0.8,
      "stdev": 0.1854035341008341,
      "min": 0.5,
      "max": 1.0
    },
    "keyword_coverage": {
      "mean": 0.4833333333333333,
      "median": 0.3333333333333333,
      "stdev": 0.16610831780542223,
      "min": 0.3333333333333333,
      "max": 0.6666666666666666
    },
    "completeness": {
      "mean": 0.9139999999999999,
      "median": 1.0,
      "stdev": 0.09635844453277527,
      "min": 0.7,
      "max": 1.0
    },
    "readability": {
      "mean": 1.0,
      "median": 1.0,
      "stdev": 0.0,
      "min": 1.0,
      "max": 1.0
    },
    "bleu": {
      "mean": 0.414253996003996,
      "median": 0.4027777777777778,
      "stdev": 0.12873785084009104,
      "min": 0.2,
      "max": 0.7619047619047619
    },
    "overall": {
      "mean": 0.7277052951677951,
      "median": 0.7330952380952381,
      "stdev": 0.08707916530064003,
      "min": 0.5458333333333333,
      "max": 0.8383012820512821
    }
  },
  "方法3-上下文感知": {
    "total_steps": 300,
    "successful_steps": 300,
    "elapsed_time": 0.007011890411376953,
    "steps_per_second": 42784.46786807208,
    "word_overlap": {
      "mean": 0.8269920634920636,
      "median": 0.8333333333333334,
      "stdev": 0.14994450095738615,
      "min": 0.3333333333333333,
      "max": 1.0
    },
    "length_ratio": {
      "mean": 0.7163333333333334,
      "median": 0.8,
      "stdev": 0.20471014394096348,
      "min": 0.5,
      "max": 1.0
    },
    "keyword_coverage": {
      "mean": 0.5844444444444444,
      "median": 0.6666666666666666,
      "stdev": 0.2109477354883023,
      "min": 0.3333333333333333,
      "max": 1.0
    },
    "completeness": {
      "mean": 0.9129999999999999,
      "median": 0.8499999999999999,
      "stdev": 0.07415747503575712,
      "min": 0.8499999999999999,
      "max": 1.0
    },
    "readability": {
      "mean": 1.0,
      "median": 1.0,
      "stdev": 0.0,
      "min": 1.0,
      "max": 1.0
    },
    "bleu": {
      "mean": 0.5008781265031265,
      "median": 0.5357142857142857,
      "stdev": 0.19033430364263207,
      "min": 0.08333333333333333,
      "max": 0.7638888888888888
    },
    "overall": {
      "mean": 0.7648912427849928,
      "median": 0.7743939393939394,
      "stdev": 0.09184182037058736,
      "min": 0.5249999999999999,
      "max": 0.9378571428571428
    }
  }
}