{
  "methods": [
    "方法1-基础规则",
    "方法2-增强规则",
    "方法3-上下文感知"
  ],
  "metrics": {
    "overall": [
      0.7666152777777778,
      0.7277052951677951,
      0.7648912427849928
    ],
    "completeness": [
      0.7539999999999999,
      0.9139999999999999,
      0.9129999999999999
    ],
    "readability": [
      1.0,
      1.0,
      1.0
    ],
    "keyword_coverage": [
      0.5488888888888889,
      0.4833333333333333,
      0.5844444444444444
    ]
  }
}