{
  "方法1-基础规则": {
    "total_workflows": 50,
    "successful_workflows": 50,
    "elapsed_time": 0.0178987979888916,
    "workflows_per_second": 2793.4836758888014,
    "overall": {
      "mean": 0.5562200533201525,
      "median": 0.5385267857142857,
      "stdev": 0.09755702927985681,
      "min": 0.39999999999999997,
      "max": 0.7695000000000001
    },
    "description_quality": {
      "mean": 0.3714781746031746,
      "median": 0.41889880952380953,
      "stdev": 0.17173687586490358,
      "min": 0.2,
      "max": 0.74
    },
    "step_coherence": {
      "mean": 0.6320159682602138,
      "median": 0.6666666666666667,
      "stdev": 0.15484850063216052,
      "min": 0.26666666666666666,
      "max": 0.8999999999999999
    },
    "object_coverage": {
      "mean": 0.6823341991341991,
      "median": 0.6472222222222221,
      "stdev": 0.11575952919055811,
      "min": 0.6,
      "max": 1.0
    },
    "flow_completeness": {
      "mean": 0.9004023809523809,
      "median": 0.8999999999999999,
      "stdev": 0.045710887327622365,
      "min": 0.8,
      "max": 1.0
    },
    "business_logic": {
      "mean": 0.13599999999999998,
      "median": 0.15,
      "stdev": 0.14322808982279178,
      "min": 0.0,
      "max": 0.35
    },
    "high_quality_mean": 0.6995239490191537,
    "regular_mean": 0.5109661915204678,
    "method_name": "方法1-基础规则"
  },
  "方法2-增强规则": {
    "total_workflows": 50,
    "successful_workflows": 50,
    "elapsed_time": 0.00961446762084961,
    "workflows_per_second": 5200.495957942767,
    "overall": {
      "mean": 0.6427416185203685,
      "median": 0.6333333333333333,
      "stdev": 0.09759422831822062,
      "min": 0.4741666666666666,
      "max": 0.837
    },
    "description_quality": {
      "mean": 0.5128202380952381,
      "median": 0.46113095238095236,
      "stdev": 0.14012923290250243,
      "min": 0.35,
      "max": 0.8400000000000001
    },
    "step_coherence": {
      "mean": 0.6204358974358974,
      "median": 0.6,
      "stdev": 0.19109444779787793,
      "min": 0.09999999999999999,
      "max": 1.0
    },
    "object_coverage": {
      "mean": 0.6925945165945165,
      "median": 0.6571428571428571,
      "stdev": 0.11329838842524,
      "min": 0.6,
      "max": 1.0
    },
    "flow_completeness": {
      "mean": 0.9004023809523809,
      "median": 0.8999999999999999,
      "stdev": 0.045710887327622365,
      "min": 0.8,
      "max": 1.0
    },
    "business_logic": {
      "mean": 0.47900000000000004,
      "median": 0.35,
      "stdev": 0.21191305494740734,
      "min": 0.2,
      "max": 0.9000000000000001
    },
    "high_quality_mean": 0.7867092074592075,
    "regular_mean": 0.5972781693817878,
    "method_name": "方法2-增强规则"
  },
  "方法3-上下文感知": {
    "total_workflows": 50,
    "successful_workflows": 50,
    "elapsed_time": 0.010230302810668945,
    "workflows_per_second": 4887.4408632221675,
    "overall": {
      "mean": 0.5238126601084337,
      "median": 0.5216071428571428,
      "stdev": 0.05916426486276561,
      "min": 0.3975,
      "max": 0.6555000000000002
    },
    "description_quality": {
      "mean": 0.32352142857142857,
      "median": 0.35,
      "stdev": 0.08442907299141696,
      "min": 0.15,
      "max": 0.45
    },
    "step_coherence": {
      "mean": 0.6439074022737705,
      "median": 0.6666666666666667,
      "stdev": 0.13795454691142994,
      "min": 0.26666666666666666,
      "max": 0.8666666666666667
    },
    "object_coverage": {
      "mean": 0.5288064935064934,
      "median": 0.5291666666666667,
      "stdev": 0.15311258173527362,
      "min": 0.0,
      "max": 1.0
    },
    "flow_completeness": {
      "mean": 0.932447619047619,
      "median": 0.95,
      "stdev": 0.04995072633422906,
      "min": 0.8,
      "max": 1.0
    },
    "business_logic": {
      "mean": 0.14600000000000002,
      "median": 0.1,
      "stdev": 0.15806224555341405,
      "min": 0.0,
      "max": 0.4
    },
    "high_quality_mean": 0.5642268575946645,
    "regular_mean": 0.5110502819548872,
    "method_name": "方法3-上下文感知"
  }
}